-- MySQL dump 10.13  Distrib 8.0.22, for macos10.15 (x86_64)
--
-- Host: 49.232.15.95    Database: BookShop
-- ------------------------------------------------------
-- Server version	5.7.28-0ubuntu0.16.04.2

/*!40101 SET @OLD_CHARACTER_SET_CLIENT=@@CHARACTER_SET_CLIENT */;
/*!40101 SET @OLD_CHARACTER_SET_RESULTS=@@CHARACTER_SET_RESULTS */;
/*!40101 SET @OLD_COLLATION_CONNECTION=@@COLLATION_CONNECTION */;
/*!50503 SET NAMES utf8 */;
/*!40103 SET @OLD_TIME_ZONE=@@TIME_ZONE */;
/*!40103 SET TIME_ZONE='+00:00' */;
/*!40014 SET @OLD_UNIQUE_CHECKS=@@UNIQUE_CHECKS, UNIQUE_CHECKS=0 */;
/*!40014 SET @OLD_FOREIGN_KEY_CHECKS=@@FOREIGN_KEY_CHECKS, FOREIGN_KEY_CHECKS=0 */;
/*!40101 SET @OLD_SQL_MODE=@@SQL_MODE, SQL_MODE='NO_AUTO_VALUE_ON_ZERO' */;
/*!40111 SET @OLD_SQL_NOTES=@@SQL_NOTES, SQL_NOTES=0 */;

--
-- Table structure for table `book`
--

DROP TABLE IF EXISTS `book`;
/*!40101 SET @saved_cs_client     = @@character_set_client */;
/*!50503 SET character_set_client = utf8mb4 */;
CREATE TABLE `book` (
  `b_id` int(11) NOT NULL AUTO_INCREMENT,
  `b_isbn` varchar(13) NOT NULL,
  `b_name` varchar(50) NOT NULL,
  `b_author` varchar(30) NOT NULL,
  `b_publisher` varchar(20) DEFAULT NULL,
  `b_cover` varchar(45) NOT NULL,
  `b_image1` varchar(45) NOT NULL,
  `b_image2` varchar(45) NOT NULL,
  `b_price` float NOT NULL,
  `bt_id` int(11) NOT NULL,
  `b_stock` int(11) DEFAULT NULL,
  `b_mark` varchar(500) DEFAULT NULL,
  PRIMARY KEY (`b_id`),
  UNIQUE KEY `b_isbn` (`b_isbn`),
  KEY `bt_id` (`bt_id`),
  CONSTRAINT `book_ibfk_1` FOREIGN KEY (`bt_id`) REFERENCES `booktype` (`bt_id`)
) ENGINE=InnoDB AUTO_INCREMENT=100093 DEFAULT CHARSET=utf8;
/*!40101 SET character_set_client = @saved_cs_client */;

--
-- Dumping data for table `book`
--

LOCK TABLES `book` WRITE;
/*!40000 ALTER TABLE `book` DISABLE KEYS */;
INSERT INTO `book` VALUES (100001,'9787559609274','风格的要素','[美] 威廉·斯特伦克','北京联合出版公司','images/9787559609274_0.jpg','images/9787559609274_1.jpg','images/9787559609274_2.jpg',27.4,1,1100,'《纽约时报》《华尔街日报》经典畅销书。美国常青藤盟校康奈尔大学英语写作教材。入选美国图书博览会20世纪百大经典英语写作书。《波士顿环球报》《圣保罗先锋报》强烈推荐书单。'),(100002,'9787547715543','增广贤文','龚勋','北京日报出版社','images/9787547715543_0.jpg','images/9787547715543_1.jpg','images/9787547715543_2.jpg',44.2,1,1231,'影响孩子一生的国学启蒙经典（注音彩图版 共4册）一二三年级儿童文学小学生课外阅读必读名著。'),(100003,'9787040396638','高等数学','同济大学数学系','高等教育出版社','images/9787040396638_0.jpg','images/9787040396638_1.jpg','images/9787040396638_2.jpg',45.2,1,3089,'《高等数学（第七版 上册）》是同济大学数学系编的《高等数学》第七版，从整体上说与第六版没有大的变化，内容深广度符合“工科类本科数学基础课程教学基本要求”，适合高等院校工科类各专业学生使用。'),(100004,'9787040238969','概率论与数理统计','盛骤，试式千，潘承毅','高等教育出版社','images/9787040238969_0.jpg','images/9787040238969_1.jpg','images/9787040238969_2.jpg',43.2,1,2173,'《概率论与数理统计（第4版）》是普通高等教育“十一五”国家级规划教材，在2001年出版的概率论与数理统计（第三版）的基础上增订而成。本次修订新增的内容有：在数理统计中应用Excel，bootstrap方法，P值检验法，箱线图等；同时吸收了国内外优秀教材的优点对习题的类型和数量进行了渊整和充实。《概率论与数理统计（第4版）》主要内容包括概率论、数理统计、随机过程三部分，每章附有习题；同时涵盖了全国硕士研究生入学统一考试数学考试大纲的所有知识点。《概率论与数理统计（第4版）》可作为高等学校工科、理科（非数学专业）各专业的教材和研究生入学考试的参考书，也可供工程技术人员、科技工作者参考。'),(100005,'9787117266611','病理生理学','王建枝，钱睿哲','人民卫生出版社','images/9787117266611_0.jpg','images/9787117266611_1.jpg','images/9787117266611_2.jpg',52.2,1,3113,'本套教材为全国高等学校五年制本科临床医学专业第九轮规划教材，是我国医学教育领域起步早、历史悠久、修订版次多的规范、科学、经典的国家级规划教材。第八轮教材自2013年秋季出版至今，已经4年时间，修订再版是学科知识及医学教育发展的需要。本次修订将根据医学教育发展的需要，注重课程体系的优化改革和教材体系建设的创新，并继续坚持\"三基、五性、三特定\"的教材编写原则，更新内容，体现继承与发展。本书配套有《病理生理学学习指导及习题集》《病理生理学实验》。'),(100006,'9787309139648','人力资源管理概论','彭剑锋','复旦大学出版社','images/9787309139648_0.jpg','images/9787309139648_1.jpg','images/9787309139648_2.jpg',64.6,1,345,'本书是高校人力资源管理的专业的主干课教材，作者系这个领域的资深咨询专家，长期从事人力资源管理的教学工作和企业咨询，本书即是在此基础上编写而成的一本人力资源管理操作层面的教材。全书分12章，详细介绍了人力资源管理的基本原理，以及当今人力资源管理领域的新理念和技术方法，并用许多形象化的图表加以表述，所采用的案例许多是作者从事企业管理咨询的成果，是一本理论性和实践性相结合的人力资源管理教材。'),(100007,'9787300202105','逻辑学导论','[美] 欧文·M·柯匹，[美] 卡尔·科恩','中国人民大学出版社','images/9787300202105_0.jpg','images/9787300202105_1.jpg','images/9787300202105_2.jpg',76.7,1,2422,'柯匹和科恩的《逻辑学导论》，是导论性逻辑教科书中完满的一部：既有演绎逻辑亦有归纳逻辑，既有古典逻辑亦有现代逻辑。本书是当今逻辑教科书的标准范本，是清晰性与准确性的典范，它能够使学生理解、把握并应用古典三段论逻辑和更为强有力的现代符号逻辑技术。'),(100008,'9787303000395','现代心理与教育统计学','张厚粲，徐建平','北京师范大学出版社','images/9787303000395_0.jpg','images/9787303000395_1.jpg','images/9787303000395_2.jpg',40.8,1,9794,'《现代心理与教育统计学》的编写体例遵照心理与教育统计学这一学科的基本结构和内容，同时，与时俱进，吸收了统计学发展的新成果，增加了少量计算机应用技术，试图为学习者提供一本脉络清晰的关于心理与教育统计学的基础教材。内容方面每章前面都增加了“教学目标”和“学习重点”，每章的后面都有一个“小结”，并提供了进一步延伸性读物、使用EXCEL和SPSS软件进行统计分析的一些技巧和提示、在线资源网址、复习与思考题等。部分章划还附加了些与章节内容相关的资料卡。希望这《现代心理与教育统计学》的出版，能够为我国心理统计教学提供最基本的教学材料，为心理学人才的培养做出应有的贡献。'),(100009,'9787117270137','人格心理学','王伟','人民卫生出版社','images/9787117270137_0.jpg','images/9787117270137_1.jpg','images/9787117270137_2.jpg',44.1,1,125,'医学院校开设应用心理学专业的宗旨在于为医院、社区、学校以及企事业培养能够掌握扎实心理学理论、方法、技能，同时掌握一定的医学理论与技能的专兼职心理学工作者。医学院校应用心理学专业的培养目标有别于其他院校的同类专业，其重要特色是将医学和心理咨询与治疗进行有机结合，达到心身共治的目的，更好地服务于社会。本套教材力争达到上述目标，同时制作融合教材，增强学生学习兴趣及对实践技能培养。'),(100010,'9787301272121','基础有机化学','邢其毅，裴伟伟，徐瑞秋，裴坚','北京大学出版社','images/9787301272121_0.jpg','images/9787301272121_1.jpg','images/9787301272121_2.jpg',69.1,1,456,'本书在2005年出版的《基础有机化学》（第3版）基础上修订而成。全书共27章。上册13章，主要介绍：（1）有机化学的起源和发展简史；（2）有机化合物系统命名、静态立体化学、光谱等基本知识；（3）烷烃、烯烃、炔烃、卤代烃、醇、醚、醛、酮、羧酸及羧酸衍生物等各类化合物的结构、性质和合成等；（4）自由基取代反应、饱和碳原子上的取代反应、酰基碳原子上的取代反应、自由基加成反应、亲电加成反应、亲核加成反应、周环反应、β-消除反应、缩合反应等基本反应。'),(100011,'9787115486332','传输与接入','工业和信息化部教育与考试中心','人民邮电出版社','images/9787115486332_0.jpg','images/9787115486332_1.jpg','images/9787115486332_2.jpg',62.8,1,3424,'本书依据《全国通信专业技术人员职业水平考试大纲》要求编写。全书分为3篇，第1篇为无线通信基础篇，共2章，内容包括无线通信基础和无线通信关键技术。第2篇为无线通信系统篇，共7章，分别是移动性管理基础、WCDMA移动通信系统、TD-SCDMA移动通信系统、cdma2000移动通信系统、LTE移动通信系统、下一代移动通信系统、微波与卫星通信系统。第3篇为无线通信网络规划与优化篇，共3章，分别是WCDMA无线网络规划与优化、LTE无线网络规划、LTE无线网络优化。'),(100012,'9787111554783','攻读研究生必知必会','[美] 托马斯·A.加里蒂','机械工业出版社','images/9787111554783_0.jpg','images/9787111554783_1.jpg','images/9787111554783_2.jpg',52.4,1,1092,'《那些年你没学明白的数学：攻读研究生必知必会的数学》是为准备攻读研究生的同学准备的数学入门读物。《那些年你没学明白的数学：攻读研究生必知必会的数学》用通俗的语言和非严谨的介绍，给出了多个数学分支的概貌。这些数学分支包括：线性代数、实分析、向量函数微积分、点集拓扑、经典Stokes定理、微分形式和Stokes定理、曲线和曲面的曲率、几何学、复分析、可数和选择公理、代数、Lebesgue积分、Fourier分析、微分方程、组合数学和概率论、算法。《那些年你没学明白的数学：攻读研究生必知必会的数学》适合攻读电子类、信息类、材料类、生物类、化工类、机械类等工程类专业研究生的读者阅读。'),(100013,'9787040500813','生物化学原理','杨荣武','高等教育出版社','images/9787040500813_0.jpg','images/9787040500813_1.jpg','images/9787040500813_2.jpg',108.8,1,1237,'“十二五”普通高等教育本科国家规划教材。'),(100014,'9787550503816','会计学','周晓苏','大连出版社','images/9787550503816_0.jpg','images/9787550503816_1.jpg','images/9787550503816_2.jpg',50,1,4823,'《MBA专用教材：会计学（第3版修订版）》在保持之前版本教材结构、风格的基础上，结合企业会计准则、小企业会计准则、公司法等相关法规，对原有内容进行了完善，更加注重实效性与实践性。全书共分十章，包括会计概论、会计信息的记录与报告、收入与速动资产、存货与销售成本、固定资产与无形资产、负债、所有者权益、对外投资与企业合并、利润的确定和分配、财务报告的阅读和分析等内容。'),(100015,'9787107323409','发展心理学','林崇德','人民教育出版社','images/9787107323409_0.jpg','images/9787107323409_1.jpg','images/9787107323409_2.jpg',37.4,1,6674,'本书是发展心理学课程的教材，其主要内容是从生命全程的视角阐述个体心理发生发展的规律及毕生心理发展的年龄特征，从而使读者全面、深入地理解个体心理发展的遗传与环境、普遍性与特殊性等基本理论问题，树立起关于生命全程的辩证发展观。'),(100016,'9787107251375','教育学','王道俊，郭文安','人民教育出版社','images/9787107251375_0.jpg','images/9787107251375_1.jpg','images/9787107251375_2.jpg',32.3,1,2246,'《教育学（第七版）/普通高等教育国家级规划教材》共十四个章节，各个章节的具体内容是：首章教育的概念；第二章教育与人的发展；第三章教育与社会发展；第四章教育目的；第五章教育制度；第六章课程；第七章教学（上）；第八章教学（中）；第九章教学（下）；第十章德育；第十一章美育；第十二章体育；第十三章综合实践活动；第十四章班主任；第十五章教师；第十六章学校管理。'),(100017,'9787302273288','色彩构成','于国瑞','清华大学出版社','images/9787302273288_0.jpg','images/9787302273288_1.jpg','images/9787302273288_2.jpg',42,1,941,'《色彩构成（修订版）》以能力教育为核心，旨在培养学生的创新思维、创造能力和动手能力，使学生掌握色彩构成的基本原理和一般规律，学会运用色彩语言表达设计思想。本书在注重理论分析的同时兼顾了实际应用价值，改革了传统的色彩构成教学内容，突出了色彩的认知、采集、重构和情感表现能力的训练。为了优化教学过程，开创了“手绘电脑制作”并举的教学方法。'),(100018,'9787558603600','中国画白描基础','王宣明 等','上海人民美术出版社','images/9787558603600_0.jpg','images/9787558603600_1.jpg','images/9787558603600_2.jpg',28.4,1,4674,'中国画讲究线条的运用，故白描是中国画的基本功，如人物画中的“十八描”法，是前人对线描的概括和总结，为后来的中国画发展奠定了基础。'),(100019,'9787515307961','色彩基础','李峰，邓凌虹，邓后平','中国青年出版社','images/9787515307961_0.jpg','images/9787515307961_1.jpg','images/9787515307961_2.jpg',29.7,1,573,'《色彩基础》共分为五大章节。第一章主要介绍色彩的基本概念。第二章主要介绍色彩在艺术作品中的应用。第三章主要介绍色彩与人的感知系统的关系。第四章主要介绍色彩在画面构成中的作用。第五章主要介绍色彩在实际绘画中的应用和方法。'),(100020,'9787107318634','高等学校教育子女的科学与艺术','赵忠心','人民教育出版社','images/9787107318634_0.jpg','images/9787107318634_1.jpg','images/9787107318634_2.jpg',32.9,1,433,'《高等学校文科教材·家庭教育学：教育子女的科学与艺术（第3版）》既从宏观上阐释了家庭教育的普遍规律，又从微观上论述了家庭教育的具体技能与艺术，内容丰富，语言明快，易教易学，合理论性、可操作性为一体，熔科学性、可读性于一炉，可作为家长学校、师范院校教育或心理专业必修课教材，大中专院校公共选修课教材。'),(100021,'9787500940449','运动生理学','王瑞元，苏全生','人民体育出版社','images/9787500940449_0.jpg','images/9787500940449_1.jpg','images/9787500940449_2.jpg',67.5,1,321,'《运动生理学/体育院校通用教材·普通高等教育“十一五”国家级规划教材》进一步完善了生理学及运动生理学中经典的教学内容，系统介绍了运动对各个器官的影响，并且就运动对不同性别、年龄人群的生理影响做了专门的论述。在骨骼肌疲劳性损伤机制、内分泌、脑功能、特殊环境与运动等方面还引入了国内学者和国际同行的新研究成果。为了指导运动员科学训练和群众体育的科学开展，在“体能”“运动处方”等应用性很强的方面也扩充了内容。'),(100022,'9787500919919','运动训练学','田麦久','人民体育出版社','images/9787500919919_0.jpg','images/9787500919919_1.jpg','images/9787500919919_2.jpg',33.8,1,6864,'《运动训练学/普通高等教育九五重点教材》过程中，查阅了大量国内外有关文献资料，参阅了目前我国有关训练学方面的教材、实用性、工具性。在内容和理论体系上既保留了传统训练理论的合理部分，又吸取了现代训练理论的研究成果。为了更好地贯彻理论联系实际的原则，提高学生分析和解决训练实践中各种具体问题的能力，《运动训练学/普通高等教育九五重点教材》十分重视各种具体的科学调控方法与手段的介绍，并在章节体系上也做了大胆的创新。'),(100023,'9787040493863','体育社会学','卢元镇','高等教育出版社','images/9787040493863_0.jpg','images/9787040493863_1.jpg','images/9787040493863_2.jpg',46.4,1,325,'作者在第三版的基础上，补充了近年来体育社会学领域研究的新成果，结合我国体育社会领域的新发展、新动态，体现了体育社会学的新发展趋势，加强了教材的理论性与表述的严谨性，代领体育社会学教学改革与发展的方向。'),(100024,'9787040443325','体育心理学','季浏，殷恒婵，颜军','高等教育出版社','images/9787040443325_0.jpg','images/9787040443325_1.jpg','images/9787040443325_2.jpg',40.7,1,326,'《体育心理学（第3版）》是“十二五”普通高等教育本科国家级规划教材，由全国高等学校体育教学指导委员会组织专家根据教育部新的《全国普通高等学校体育教育本科专业课程方案》和《普通高等学校体育教育本科专业各类主干课程教学指导纲要》的总体要求编写。本次修订，吸收了国内外体育心理学研究的新成果，同时充分考虑学生的学习基础和学习需求，引入了二维码技术，手机扫码可进入试题库，完成自测自练。'),(100025,'9787564414146','体育概论','体育概论编写组','北京体育大学出版社','images/9787564414146_0.jpg','images/9787564414146_1.jpg','images/9787564414146_2.jpg',43,1,857,'《体育概论/高等教育体育学精品教材》在参考、借鉴外同类书籍的基础上，形成了自己的编写风格。首先从教材的构建体系来说，《体育概论/高等教育体育学精品教材》着重突出“概论”的特征。'),(100031,'9787208105928','大秦帝国','孙皓晖','上海人民出版社','images/9787208105928_0.jpg','images/9787208105928_1.jpg','images/9787208105928_2.jpg',358.8,8,851,'全新修订版《大秦帝国》洋洋五百万言，六部十一卷，将战国后期齐、楚、燕、秦、韩、赵、魏七国群雄并起的历史苍劲地铺展开来，描绘了近200年的战国风云与帝国生灭。'),(100032,'9787100075862','北洋军阀史话','丁中江','商务印书馆','images/9787100075862_0.jpg','images/9787100075862_1.jpg','images/9787100075862_2.jpg',179,7,1023,'本书上起袁世凯小站练兵，下迄张学良东北易帜，历时五十年，勾画出清末民初军阀纷争的历史画面。'),(100033,'9787535486004','汉武大帝','杨焕亭','长江文艺出版社','images/9787535486004_0.jpg','images/9787535486004_1.jpg','images/9787535486004_2.jpg',82.5,8,988,'《汉武大帝》以刘彻的幼年开篇，通过风险继位，掌握大权；用贤变法，尊王攘夷；大战匈奴，出使西域；巫蛊为乱，罪己示民等重大事件，围绕和与战、治与乱、忠与叛、生与死、得与失、情与恨的矛盾，向读者全景式地展现了汉武帝纵横跌宕的一生和那个风云变幻、英雄辈出的时代。'),(100034,'9787513141987','月亮与六便士','（英）毛姆；李志清译','开明出版社','images/9787513141987_0.jpg','images/9787513141987_1.jpg','images/9787513141987_2.jpg',19.4,5,563,' 一个英国证券交易所的经纪人，本已有牢靠的职业和地位、美满的家庭，但却迷恋上绘画，像“被魔鬼附了体”，突然弃家出走，到巴黎去追求绘画的理想。他的行径没有人能够理解。他在异国不仅肉体受着贫穷和饥饿煎熬，而且为了寻找表现手法，精神亦在忍受痛苦折磨。经过一番离奇的遭遇后，主人公*后离开文明世界，远遁到与世隔绝的塔希提岛上。他终于找到灵魂的宁静和适合自己艺术气质的氛围。他同一个土著女子同居，创作出一幅又一幅使后世震惊的杰作。在他染上麻风病双目失明之前，曾在自己住房四壁画了一幅表现伊甸园的伟大作品。但在逝世之前，他却命令土著女子在他死后把这幅画作付之一炬。通过这样一个一心追求艺术、不通人性世故的怪才，毛姆探索了艺术的产生与本质、个性与天才的关系、艺术家与社会的矛盾等等引人深思的问题。'),(100035,'9787807407270','盗墓笔记','南派三叔','上海文化出版社','images/9787807407270_0.jpg','images/9787807407270_1.jpg','images/9787807407270_2.jpg',202.5,9,1137,'《盗墓笔记（1-8）（套装共9册）（六周年纪念版）》：包括《盗墓笔记.1》（七星鲁王宫）、《盗墓笔记.2》（秦岭神树）、《盗墓笔记.3》（云顶天宫）、《盗墓笔记.4》（蛇沼鬼城）、《盗墓笔记.5》（谜海归巢）、《盗墓笔记.6》（阴山古楼）、《盗墓笔记.7》（邛笼石影）、《盗墓笔记.8.上》《盗墓笔记.8.下》。'),(100036,'9787213080708','明朝那些事儿','当年明月','浙江人民出版社','images/9787213080708_0.jpg','images/9787213080708_1.jpg','images/9787213080708_2.jpg',147,6,896,'《明朝那些事儿》这篇文主要讲述的是从1344年到1644年这三百年间关于明朝的一些事情，以史料为基础，以年代和具体人物为主线，并加入了小说的笔法，对明朝十七帝和其他王公权贵和小人物的命运进行全景展示，尤其对官场政治、战争、帝王心术着墨*多，并加入对当时政治经济制度、人伦道德的演义。'),(100037,'9787101052978','三国志','陈寿','中华书局','images/9787101052978_0.jpg','images/9787101052978_1.jpg','images/9787101052978_2.jpg',38.7,6,588,'《三国志》是我国著名史学家陈寿撰写的史学名著，记载了从魏文帝黄初元年（220）到晋武帝太康元年（280）魏、蜀、吴三国鼎立时期的历史，后代家喻户晓的历史人物曹操、刘备、孙权、诸葛亮、关羽、周瑜等都有记载。《三国志》与《史记》、《汉书》、《后汉书》并称为“前四史”。本书以中华书局点校本《三国志》为底本，保持了陈寿《三国志》加裴松之注的做法，以帮助读者更加全面的了解三国这段历史。为方便读者，本书保留了原点校本人名、地名下加专名线（——），书名下加波浪线（～～）的做法，使读者一目了然。本书是方便现代读者阅读这部巨著的较好的白文普及本。'),(100038,'9787553807430','资治通鉴','（宋）司马光','岳麓书社','images/9787553807430_0.jpg','images/9787553807430_1.jpg','images/9787553807430_2.jpg',260,6,868,'《资治通鉴》以时间为纲，事件为目，记载周威烈王二十三年（前403）到五代后周世宗显德六年（959）历史。按朝代分为十六纪，有《周纪》五卷、《秦纪》三卷、《汉纪》六十卷、《魏纪》十卷、《晋纪》四十卷、《宋纪》十六卷、《齐纪》十卷、《梁纪》二十二卷、《陈纪》十卷、《隋纪》八卷、《唐纪》八十一卷、《后梁纪》六卷、《后唐纪》八卷、《后晋纪》六卷、《后汉纪》四卷、《后周纪》五卷。'),(100039,'9787514352894','山海经','徐客','现代出版社','images/9787514352894_0.jpg','images/9787514352894_1.jpg','images/9787514352894_2.jpg',34,6,562,'《山海经》是一部内容丰富、风貌奇特的古代佳作，涉及历史、地理、民族、宗教、神话、生物、医学、水利、矿产等方面内容。《山海经》乃中国文化的珍品，是中国古人想象力的集中体现，深刻并鲜活地反映了上古时代的种种神话传说。本书汇聚了几乎所有今人可能搜集到的《山海经》图文版本，全面呈现这部中国上古时代*奇幻与瑰丽的想象之作。除了对传统文化感兴趣的人，从事创意产业的艺术家、设计师、动漫'),(100040,'9787515518763','京城十案','萨苏','金城出版社','images/9787515518763_0.jpg','images/9787515518763_1.jpg','images/9787515518763_2.jpg',34.3,10,638,'本书主要讲述了由作者采访一线公安干警及亲历者的陈述组成的20世纪50至80年代在北京发生的十桩治安案件的破获过程，诸如“德国专家公寓失窃”案、“十八里店飞毛腿”案、“异地诈骗”案、“毒贩落网”案、“越狱流窜”案、“林海雪原”案等案件。作者通过对办案民警分析案情、寻找证据、实施抓捕等过程的描写，着力刻画了众多智慧英勇的北京公安干警。这些公安干警代表了公安事业的正义与艰苦，以及在面对形形色色的嫌疑人时表现出来的专业与干练。'),(100041,'9787229124410','三体','刘慈欣','重庆出版社','images/9787229124410_0.jpg','images/9787229124410_1.jpg','images/9787229124410_2.jpg',159.2,10,1251,'此为十周年纪念版，刘慈欣长篇代表作《三体》三部曲被普遍认为是中国科幻文学的里程碑之作，将中国科幻推上了世界的高度。'),(100042,'9787538760583','老人与海','（美）海明威','时代文艺出版社','images/9787538760583_0.jpg','images/9787538760583_1.jpg','images/9787538760583_2.jpg',17.7,5,867,'本书精选了海明威极具代表性的中短篇小说，如《老人与海》《乞力马扎罗的雪》《白象似的群山》《在密歇根北部》等9部经典名篇。'),(100043,'9787506387859','悲惨世界','（法）维克多·雨果','作家出版社','images/9787506387859_0.jpg','images/9787506387859_1.jpg','images/9787506387859_2.jpg',60.7,5,562,'《悲惨世界》是法国著名作家、世界浪漫主义文学代表维克多•雨果*著名的的 “命运三部曲”之一。本书通过对冉阿让等人的悲惨遭遇以及冉阿让被卞福汝感化后做出的一系列感人事情，深刻揭露和批判了19世纪法国封建专制社会的腐朽，同时也表达了对在封建压迫下穷苦人民悲惨生活的深切同情。雨果充满激情的文笔，勾勒出了一群生动鲜活的小人物形象。活得有尊严、仁义至善等高尚的道德情怀贯穿整本书，让人读来荡气回肠。另外本书内附插图，给读者更好的阅读体验。 '),(100044,'9787536493759','流浪地球','刘慈欣','四川科技出版社','images/9787536493759_0.jpg','images/9787536493759_1.jpg','images/9787536493759_2.jpg',48.9,10,869,'刘慈欣的短篇小说构思巧妙，想象力纵横恣肆，将坚实的科学基础以及厚重的人文关怀隐藏在灵动精致的故事结构中。'),(100045,'9787210113836','丝之屋','安东尼·赫洛维兹','江西人民出版社','images/9787210113836_0.jpg','images/9787210113836_1.jpg','images/9787210113836_2.jpg',31.92,9,567,'故事由一位神秘的访客开始。他给福尔摩斯讲述了自己离奇的经历，而紧接着，一桩桩看似毫无关联的谋杀案接连发生。'),(100046,'9787533952280','欧·亨利短篇小说精选','欧·亨利','浙江文艺出版社','images/9787533952280_0.jpg','images/9787533952280_1.jpg','images/9787533952280_2.jpg',27.2,5,552,'美国作家欧·亨利被公认为20世纪初*好的短篇小说家。'),(100047,'9787553474694','福尔摩斯探案全集','（英）柯南道尔','吉林出版集团有限责任公司','images/9787553474694_0.jpg','images/9787553474694_1.jpg','images/9787553474694_2.jpg',110,9,211,'柯南·道尔共写了四篇长篇、56篇短篇的福尔摩斯系列小说。'),(100048,'9787553476681','中华帝王将相','孟庆东','吉林出版集团有限责任公司','images/9787553476681_0.jpg','images/9787553476681_1.jpg','images/9787553476681_2.jpg',110,4,322,'中华帝王将相，全五册故事'),(100049,'9787520708555','特事科','铁血阿郎','东方出版社','images/9787520708555_0.jpg','images/9787520708555_1.jpg','images/9787520708555_2.jpg',30.8,9,215,'美女法医丁忧有着不为人知的往事。在2010年至2011年间，丁忧曾在一个无国界医疗组织服务于缅甸。在某次行动中，整个医疗小组全员惨死，只有丁忧活了下来，却永远地失去了一条腿，以及继续做医生的可能性——手部神经被破坏。身体恢复后丁忧加入了神秘组织特事科，希望能通过特事科找到当年缅甸惨案的真相和幕后的黑手。 在破解一系列案件后，丁忧发现自己越是接近当年的真相，就越是接近恐惧……'),(100050,'9787505746541','灵魂追凶','向林','中国友谊出版公司','images/9787505746541_0.jpg','images/9787505746541_1.jpg','images/9787505746541_2.jpg',30.5,9,345,'临近傍晚，一名保姆在返家途中无端遇害。凶手手段凶残，与两年前的连环杀人案手法极其相似，难道是同一人所为？'),(100051,'9787544380409','暗黑者四部曲','周浩晖','海南出版社','images/9787544380409_0.jpg','images/9787544380409_1.jpg','images/9787544380409_2.jpg',129.9,9,438,'十八年前，一起离奇的爆炸案，使刑警罗飞的女友和好友袁志邦同时死去；十八年后，爆炸案凶手再次现身网络，以Eumenides（复仇女神）为名发出死刑征集帖，由网民公投出他要杀死的对象。'),(100052,'9787544366212','余罪','常书欣','海南出版社','images/9787544366212_0.jpg','images/9787544366212_1.jpg','images/9787544366212_2.jpg',96,10,512,'本书为您揭开的是一张令人触目惊心的当下社会犯罪网络。从混迹人群中的扒手，到躲在深山老林里的悍匪，从横行街头的流氓，到逡巡在海岸线边缘的毒枭；他们似乎离我们很远，似乎又很近，看似悄无声息，却又如影随形；作者所描写的，正是这个光怪陆离而又真实存在的地下世界。'),(100053,'25308500','小李飞刀','古龙','文汇出版社','images/25308500_0.jpg','images/25308500_1.jpg','images/25308500_2.jpg',233,8,425,'《小李飞刀》系列全九册，囊括《小李飞刀：多情剑客无情剑》《小李飞刀2：边城浪子》《小李飞刀3：九月鹰飞》《小李飞刀4：天涯·明月·刀》四部经典，再加一番外《飞刀，又见飞刀》！ '),(100054,'9787544380287','邪恶催眠师','周浩晖','海南出版社','images/9787544380287_0.jpg','images/9787544380287_1.jpg','images/9787544380287_2.jpg',84.9,9,623,'事实上，催眠术早被用于各行各业，心理医生用来治病救人，广告商用来贩卖商品，江湖术士用来坑蒙拐骗……意志薄弱的人、欲望强烈的人、过度防范的人，都极易被催眠术操控。'),(100055,'23535129','藏地密码','何马','北京时代华文书局有限公司','images/23535129_0.jpg','images/23535129_1.jpg','images/23535129_2.jpg',242.8,10,422,'这是一个西藏已经开放为全世界的旅游胜地却依旧守口如瓶的秘密——公元838年，吐蕃末代赞普朗达玛登位，随即宣布禁佛。在禁佛运动中，僧侣们提前将宝物埋藏，随后将其秘密转移，他们修建了一座神庙，称为帕巴拉神庙。随着时光流失，战火不断，那座隐藏着无尽佛家珍宝的神庙彻底消失于历史尘埃之中……'),(100056,'23441278','卑鄙的圣人曹操','王晓磊','江苏文艺出版社','images/23441278_0.jpg','images/23441278_1.jpg','images/23441278_2.jpg',154.5,6,215,'历史上的大奸大忠都差不多，只有曹操大不同！'),(100057,'9787539978536','华杉讲透孙子兵法','华杉','江苏凤凰文艺 出版社','images/9787539978536_0.jpg','images/9787539978536_1.jpg','images/9787539978536_2.jpg',19.9,6,123,'《孙子兵法》6111字，似乎每个字都艰深玄奥，让很多人望而却步；其实，只要抓住兵法的根本思想，就会发现处处豁然开朗、字字明明白白。'),(100058,'9787308183222','全译罗马帝国消亡史','爱德华·吉本','浙江大学出版社','images/9787308183222_0.jpg','images/9787308183222_1.jpg','images/9787308183222_2.jpg',349.5,5,231,'18世纪，启蒙时期代表人物、史学泰斗爱德华·吉本以毕生精力，创作出享誉世界200多年的不朽名著——《罗马帝国衰亡史》。'),(100059,'9787538760293','拿破仑传','（德）埃米尔·路德维希','时代文艺出版社','images/9787538760293_0.jpg','images/9787538760293_1.jpg','images/9787538760293_2.jpg',22,4,245,'穿越历史烟云，追寻伟人足迹，品味壮丽人生。'),(100060,'9787516806098','普京传','黄超','台海出版社','images/9787516806098_0.jpg','images/9787516806098_1.jpg','images/9787516806098_2.jpg',26.2,4,331,'普京，迄今为止，三届俄罗斯总统，两届俄罗斯总理。他是一个硬汉，更是一个智者；他是俄罗斯复兴的灵魂。'),(100066,'9787504498045','乌合之众','古斯塔夫.勒庞','中国商业出版社','images/9787504498045_0.png','images/9787504498045_1.png','images/9787504498045_2.png',28,3,1861,'古斯塔夫·勒庞著石磊编译的《乌合之众(大众心理研究)》是解析群体心理的经典名著，虽然是一部学术性著作，但语言生动流畅，分析鞭辟入里，入木三分。因此，《乌合之众》一经问世，便广受欢迎，已被译成十几种语。本书颠覆了人们通常对群体的认识，将群体的特点剖析得淋漓尽致，让人先是惊异，后是佩服。作者层层分析，逐步推进，明确指出个人一旦融入群体，他的个性便会被湮没，群体的思想便会占据保证的统治地位，而与此同时，群体的行为也会表现出排斥异议，特别化、情绪化及低智商化等特点。进而对社会产生破坏性的影响。《乌合之众》是社会心理学领域中拥有影响力的著作，深刻思考群体行为并意欲有所作为的人们都应该读读这本书。'),(100067,'9787554613542','墨菲定律','张文成','古吴轩出版社','images/9787554613542_0.png','images/9787554613542_1.png','images/9787554613542_2.png',45,3,226,'本书是一本揭示人类潜在种种心理效应的心理学通俗读物，其中*有代表性的即“墨菲定律”。从自我认知、经济管理等方面入手，作者引出了数十条对现代人工作和生活有诸多影响的心理学、管理学定律、法则，比如沉锚效应、瓦伦达效应、霍桑效应、洛克定律、凡勃伦效应等。将一个个看似艰深、晦涩的定律、法则阐释得透彻明了，对人们正确理解人性、理解社会有着十分有益的启示。本书语言流畅，案例丰富，对于读者拓展认知心理，改善思维方法，提升生活、工作格局有着深远的指导意义。'),(100068,'9787508086149','九型人格','无','华夏出版社','images/9787508086149_0.png','images/9787508086149_1.png','images/9787508086149_2.png',45,3,59,'九型人格是一种深层次了解人的方法和学问，它按照人们的思维、情绪和行为，将人分为九种：完美主义者、给予者、实干者、悲情浪漫者、观察者。怀疑者、享乐主义者、调停者。九型人格的卓越之处在于能穿透人们表面的喜怒哀乐，进入人心最隐秘之处，发现人的真实、根本的需求和渴望。九型人格能够帮助我们洞察人心，用有效的方式对应他人，最终提升我们人生的幸福和成功。'),(100069,'9787511339478','做自己的心理医生','无','中国华侨出版社','images/9787511339478_0.png','images/9787511339478_1.png','images/9787511339478_2.png',59,3,324,'《做自己的心理医生》是一本为面临社会压力，处于心理危机、心理困境中的现代人提供解决方案及心理服务的心理解压书，全书深入地分析了心理学理论，剖析了目前人们常见的不良心态、人格障碍等各种异常心理的根源，并根据人生各个阶段出现的不同心理危机，结合典型心理案例，提出了解决方法。'),(100070,'9787540251734','说话心理学','无','北京燕山出版社','images/9787540251734_0.png','images/9787540251734_1.png','images/9787540251734_2.png',35,3,2342,'《说话心理学（教你如何说漂亮话）》把语言技巧运用作为基础，从实用而又具体的心理学角度出发，把说话过程涉及的重要因素如观察、倾听、言辞等，以及说话过程要面临的多个场面如职场、求人办事、销售、交际、婚恋等，多层次多方面的来培养我们说话过程中的心理学意识，深入浅出，全面而又准确的教我们在说话过程中如何运用心理学，可谓是一本完备的语言技巧指南。'),(100076,'9787508633558','思考快与慢','丹尼尔卡尼曼','中信出版社','images/9787508633558_0.png','images/9787508633558_1.png','images/9787508633558_2.png',32,2,234,'《思考，快与慢》受到著名经济学专家巴曙松、知名地产商任志强的微博推荐，网友大量转发（近800条），好评如潮；并受到“商业价值-商学院”、“商业评论网”、“新京报书评周刊”、“中国金融博物馆书院”、“每日好书推荐”、“经典经济学”等微博推荐。'),(100077,'9787545463477','操盘学','伍朝辉','广东经济出版社','images/9787545463477_0.png','images/9787545463477_1.png','images/9787545463477_2.png',88,2,439,'本书讲述的是职业操盘手在实战训练中的经典做盘定式，内容包括：量能做盘定式精要、建仓定式核心套路、拉升定式核心套路、出货定式核心套路、大阳线操作法精要、成本决策体系精要等六个板块来进行详细讲解。修订后的内容更加切合职业操盘手的实战需求，对原书的结构做了比较大的调整，新增建仓定式、拉升定式、出货定式、更重要的是新增了主力机构成本决策体系短线套利法则的核心策略。同时，新增了实用性很强的公式，新增了蕞新的实战图谱，是作者多年来在操盘实训教学中总结出来的实战经验总结，是投资者的一份与时俱进的学习资料和职业操盘手实战入门宝典。'),(100078,'9787229097684','国富论','译者:胡长明','重庆出版社','images/9787229097684_0.png','images/9787229097684_1.png','images/9787229097684_2.png',58,2,32,'《国富论》是一部将经济学、政治理论、哲学、历史和经济实践活动奇妙结合在一起的书，一部由有着高深学问和敏感见识的人所写的书。作者本人有着强大的分析能力和非凡的综合能力，他能对所收集到的所有材料进行甄别筛选。又能按照新的、引人注目的方式将其重新组合。他像后来的卡尔·马克思一样不是与世隔绝的“书斋学者”。他的书不是为图书馆馆藏而写，而是为了更好地指导我们现世的生活。《国富论》的思想不仅对经济学和国家政策的制定产生了深刻的影响，而且直至今天仍影响着人类的整个生活环境。'),(100079,'9787504562838','安全经济学','罗云','中国劳动社会保障出版社','images/9787504562838_0.png','images/9787504562838_1.png','images/9787504562838_2.png',29,2,234,'本教材对安全经济科学进行了综合性论述。其中既有理论方面的章节，如安全经济学概述、安全经济基本理论、事故损失分析、安全经济效益分析等，也有安全经济应用技术方面的章节，如事故损失计算技术、安全决策方法、安全经费管理、安全价值工程等。总之，作者力求从科学与技术、理论与实践、基础与应用、宏观与微观的综合层次上，对安全经济命题进行基本的、系统的论述。    本书是“**高校安全工程专业本科规划教材”之一，也可作为安全监察人员、注册安全工程师、安全工程技术人员及企业管理人员的参考用书。'),(100080,'9782304563446','经济学的思维方式','保罗·海恩','机械工业出版社','images/9782304563446_0.png','images/9782304563446_1.png','images/9782304563446_2.png',45,2,478,'由保罗·海恩、彼得·勃特克、大卫·普雷契特科所著的《经济学的思维方式(原书3版)》是风靡靠前的一部另类的经典经济学教科书。与主流经济学教材不同，本书回避了繁复的公式、函数、运算，通过深入浅出和饶有趣味的图画，将日常生活中纷繁复杂、看似毫无关联的一些社会现象和一套富有一致性的思维框架结合起来，展示出一种“经济学的想象力”。正如道格拉斯·诺斯所说，经济学的力量就在于它是一种思维方式，本书的目的正是引导读者学会经济学推理方式，从而能够像经济学家一样思考问题。作为为非经济学专业学生撰写的一部“一学期学会经济学”的教材，本书被认为是经济学教材领域的一次根本性变革。不仅在英语世界获得了广泛的认可，同时被翻译成日文、俄文、保加利亚文、匈牙利文等多种语言畅销全世界，堪称经济学教育领域一部标尺性著作。海外院校使用情况：斯坦福大学、西雅图大学、密歇根大学、纽约大学、纽约州立大学、北加利福尼......'),(100081,'9787508668345','卧底经济学','无','中信出版社','images/9787508668345_0.png','images/9787508668345_1.png','images/9787508668345_2.png',68,2,322,'\"为什么咖啡店都设在街道一角？为什么同一家超市，有人觉得哗众取宠有人觉得物超所值？为什么老买不到一处位置好价钱便宜的好房子？交通拥堵的背后有什么经济原因？……为什么富裕的国家与贫穷的国家差距如此之大？作为经济学家版的“万变之宗”，这部迷人的著作为你一一解惑。本书就是要帮助你像一位经济学家那样看世界，它不会告诉你有关汇率或商业周期的专业问题，但会帮你解开日常生活之谜。书中既会关注大问题，如星巴为什么会赚个盆满钵满，也会关注小问题，如你怎样在超市里淘到价廉物美的货品。本书从头到尾都是一种侦探式的工作，但会教给你如何运用经济学家的各种调查工具，理解和解决日常生活中的问题。作者指出：日常生活不过是谈判中的复杂博弈，体力的角逐和智力的较量。希望看完本书之后，你能成为一位更精明的消费者，......'),(100082,'9787508688114','新周刊','任泽平','中信出版社','images/9787508688114_0.png','images/9787508688114_1.png','images/9787508688114_2.png',43,2,123,'宏观分析被誉为经济研究的“王冠”。2010年，本书作者参与研究“增速换挡”。2014年，提出“新5%比旧8%好”“对熊市的很后一战”“5000点不是梦”“改革牛”等观点。2015年下半年，判断“中国经济已经相当接近底部”“经济L型”“一线房价翻一倍”。2017年初，预测“新周期”，引发年度宏观经济领域多空讨论，当年经济超预期回升，股强，债弱，升值。本书旨在建立打通宏观经济、公共政策、金融市场和大类资产的研究体系，涉及中国宏观经济、产能周期、房地产周期、汇率、黄金、投资时钟等重要领域的分析框架。'),(100083,'9787557018108','中小企业财务一本通','王苏,马晓燕','广东旅游出版社','images/9787557018108_0.png','images/9787557018108_1.png','images/9787557018108_2.png',32,2,123,'公司运营，财务金融是核心！资金是企业顺畅运转的生命线，多少企业因为资金短缺而得不到持续快速的发展，又有多少企业在发展的很好时期因为现金流断裂而轰然倒塌。如何管理好企业财务，如何防范和化解财务风险，如何通过资本市场进行有效的融资和投资，如何通过成本管理和纳税筹划减少企业的运营成本，实现股东价值(或企业净利润)的很大化……所有这些，都是我们的企业管理者需要时时面对的问题！作为管理决策层的重要成员，如何才能既懂财务运营，又知战略管理，既能管理好企业的财产，又能做好正确的战略决策。现代企业制度下的企业高管必须要在观念、意识和技能等方面进行提升和塑造自身，在战略、决策和行动等方面改变和影响公司，这样才能在不断变换的新形势下立于不败之地！'),(100084,'9787111592105','巴菲特致股东的信','巴菲特','机械工业出版社','images/9787111592105_0.png','images/9787111592105_1.png','images/9787111592105_2.png',99,2,546,'相较于前三版，《巴菲特致股东的信：投资者和公司高管教程》这个新版本保留了原来的架构和哲学，但是增加了一些巴菲特新的年报内容。这些新增的内容被编入了书中的相应篇章，它们有机地融为一体，丝毫不影响读者在阅读过程中获得对于稳健企业和投资哲学的整体印象。为了帮助读者区分书中哪些部分是新增的内容，在书末的“注释”部分标注了这些内容是选自哪些年度的致股东的信件。为了不影响整体的阅读流畅性，正文中的省略部分将不再使用省略号或其他标点符号标出。这个新版《巴菲特致股东的信：投资者和公司高管教程》对于稳健企业和投资理念的描述没有什么改变，因为在当下的社会和商业潮流中，巴菲特先生的理念并无改变。我们所做的，只不过是定期更新而已。'),(100085,'9787111590224','战胜华尔街','彼得.林奇','上海财经大学出版社','images/9787111590224_0.png','images/9787111590224_1.png','images/9787111590224_2.png',34,2,877,'林奇用自己一生的选股经历，手把手教读者如何正确选股，如何避免选股陷阱，如何选出涨幅又大又安全的大牛股。'),(100092,'9787308170000','茗鉴清谈','张琳洁','浙江大学','images/1567149509286.jpg','images/1567149509290.jpg','images/1567149509294.jpg',55,2,100,'《茗鉴清谈：茶叶审评与品鉴》有审评鉴定茶叶品质，同时品饮欣赏茶色香味形之寓意。书中介绍了茶叶感官审评的科学理论知识，设计了不同茶类感官审评的实验及方法，加入了访山问茶、研学读茶的感受与体会，包含了茶叶科学和茶叶文化，文理结合，通俗易懂，是一本有助于茶叶爱好者学习鉴茶、品茶的参考读物。');
/*!40000 ALTER TABLE `book` ENABLE KEYS */;
UNLOCK TABLES;

--
-- Table structure for table `booktype`
--

DROP TABLE IF EXISTS `booktype`;
/*!40101 SET @saved_cs_client     = @@character_set_client */;
/*!50503 SET character_set_client = utf8mb4 */;
CREATE TABLE `booktype` (
  `bt_id` int(11) NOT NULL AUTO_INCREMENT,
  `bt_name` varchar(30) NOT NULL,
  PRIMARY KEY (`bt_id`),
  UNIQUE KEY `bt_name` (`bt_name`)
) ENGINE=InnoDB AUTO_INCREMENT=31 DEFAULT CHARSET=utf8;
/*!40101 SET character_set_client = @saved_cs_client */;

--
-- Dumping data for table `booktype`
--

LOCK TABLES `booktype` WRITE;
/*!40000 ALTER TABLE `booktype` DISABLE KEYS */;
INSERT INTO `booktype` VALUES (6,'中国古代史'),(10,'中国当代小说'),(7,'中国近代史'),(4,'人物传记'),(5,'外国文学'),(3,'心理学'),(9,'悬疑推理小说'),(1,'教育学'),(2,'经济学'),(8,'长篇历史小说');
/*!40000 ALTER TABLE `booktype` ENABLE KEYS */;
UNLOCK TABLES;

--
-- Table structure for table `order`
--

DROP TABLE IF EXISTS `order`;
/*!40101 SET @saved_cs_client     = @@character_set_client */;
/*!50503 SET character_set_client = utf8mb4 */;
CREATE TABLE `order` (
  `o_id` varchar(20) NOT NULL,
  `o_total` float NOT NULL,
  `o_amount` int(11) NOT NULL,
  `o_status` int(1) NOT NULL,
  `o_paytype` int(1) NOT NULL,
  `u_id` int(11) NOT NULL,
  `o_datetime` timestamp NOT NULL DEFAULT CURRENT_TIMESTAMP,
  `o_realname` varchar(20) NOT NULL,
  `o_phone` varchar(11) NOT NULL,
  `o_address` varchar(50) NOT NULL,
  PRIMARY KEY (`o_id`)
) ENGINE=InnoDB DEFAULT CHARSET=utf8;
/*!40101 SET character_set_client = @saved_cs_client */;

--
-- Dumping data for table `order`
--

LOCK TABLES `order` WRITE;
/*!40000 ALTER TABLE `order` DISABLE KEYS */;
INSERT INTO `order` VALUES ('20190828105550576',39.8,2,3,1,8,'2019-08-28 02:55:51','马腾飞','18245631746','东大软件园A10'),('20190830140315412',542.7,3,2,2,21,'2019-08-30 06:03:16','测试用户','13245671234','东软实训中心A10'),('20190830141454223',260.4,2,2,1,21,'2019-08-30 06:14:55','测试用户','13245671234','东软实训中心A10');
/*!40000 ALTER TABLE `order` ENABLE KEYS */;
UNLOCK TABLES;

--
-- Table structure for table `orderitem`
--

DROP TABLE IF EXISTS `orderitem`;
/*!40101 SET @saved_cs_client     = @@character_set_client */;
/*!50503 SET character_set_client = utf8mb4 */;
CREATE TABLE `orderitem` (
  `oi_id` int(11) NOT NULL AUTO_INCREMENT,
  `oi_price` float NOT NULL,
  `oi_amount` int(11) NOT NULL,
  `b_id` int(11) NOT NULL,
  `o_id` varchar(20) NOT NULL,
  PRIMARY KEY (`oi_id`),
  KEY `o_id` (`o_id`),
  CONSTRAINT `orderitem_ibfk_2` FOREIGN KEY (`o_id`) REFERENCES `order` (`o_id`)
) ENGINE=InnoDB AUTO_INCREMENT=20 DEFAULT CHARSET=utf8;
/*!40101 SET character_set_client = @saved_cs_client */;

--
-- Dumping data for table `orderitem`
--

LOCK TABLES `orderitem` WRITE;
/*!40000 ALTER TABLE `orderitem` DISABLE KEYS */;
INSERT INTO `orderitem` VALUES (8,19.9,2,100057,'20190828105550576'),(16,233,2,100053,'20190830140315412'),(17,76.7,1,100007,'20190830140315412'),(18,27.4,1,100001,'20190830141454223'),(19,233,1,100053,'20190830141454223');
/*!40000 ALTER TABLE `orderitem` ENABLE KEYS */;
UNLOCK TABLES;

--
-- Table structure for table `recommend`
--

DROP TABLE IF EXISTS `recommend`;
/*!40101 SET @saved_cs_client     = @@character_set_client */;
/*!50503 SET character_set_client = utf8mb4 */;
CREATE TABLE `recommend` (
  `r_id` int(11) NOT NULL AUTO_INCREMENT,
  `r_type` int(1) NOT NULL,
  `b_id` int(11) NOT NULL,
  PRIMARY KEY (`r_id`)
) ENGINE=InnoDB AUTO_INCREMENT=68 DEFAULT CHARSET=utf8;
/*!40101 SET character_set_client = @saved_cs_client */;

--
-- Dumping data for table `recommend`
--

LOCK TABLES `recommend` WRITE;
/*!40000 ALTER TABLE `recommend` DISABLE KEYS */;
INSERT INTO `recommend` VALUES (2,2,100001),(14,2,100007),(15,2,100009),(16,2,100018),(17,2,100021),(18,2,100036),(19,2,100040),(20,2,100043),(21,2,100044),(22,2,100045),(23,2,100048),(24,2,100052),(25,2,100053),(26,2,100057),(27,2,100059),(28,2,100066),(29,2,100067),(30,2,100069),(31,2,100076),(32,2,100077),(33,2,100079),(36,3,100012),(37,3,100017),(38,3,100022),(39,3,100037),(40,3,100038),(41,3,100039),(42,3,100047),(43,3,100049),(44,3,100054),(45,3,100055),(46,3,100056),(47,3,100060),(48,3,100068),(49,3,100070),(50,3,100078),(51,3,100080),(52,3,100081),(53,3,100082),(56,0,100002),(65,1,100002),(67,3,100005);
/*!40000 ALTER TABLE `recommend` ENABLE KEYS */;
UNLOCK TABLES;

--
-- Table structure for table `user`
--

DROP TABLE IF EXISTS `user`;
/*!40101 SET @saved_cs_client     = @@character_set_client */;
/*!50503 SET character_set_client = utf8mb4 */;
CREATE TABLE `user` (
  `u_id` int(11) NOT NULL AUTO_INCREMENT,
  `u_name` varchar(8) NOT NULL,
  `u_pwd` varchar(20) NOT NULL,
  `u_realname` varchar(20) NOT NULL,
  `u_redgt` timestamp NOT NULL DEFAULT CURRENT_TIMESTAMP,
  `u_role` int(1) NOT NULL,
  `u_mark` varchar(20) DEFAULT NULL,
  `u_phone` varchar(11) NOT NULL,
  `u_address` varchar(50) NOT NULL,
  PRIMARY KEY (`u_id`),
  UNIQUE KEY `u_name` (`u_name`)
) ENGINE=InnoDB AUTO_INCREMENT=35 DEFAULT CHARSET=utf8;
/*!40101 SET character_set_client = @saved_cs_client */;

--
-- Dumping data for table `user`
--

LOCK TABLES `user` WRITE;
/*!40000 ALTER TABLE `user` DISABLE KEYS */;
INSERT INTO `user` VALUES (1,'admin','vWn76gBXUvc=\n','管理员','2019-08-24 03:36:58',0,'超级管理员','18245631746','东大软件园B园G1公寓');
/*!40000 ALTER TABLE `user` ENABLE KEYS */;
UNLOCK TABLES;
/*!40103 SET TIME_ZONE=@OLD_TIME_ZONE */;

/*!40101 SET SQL_MODE=@OLD_SQL_MODE */;
/*!40014 SET FOREIGN_KEY_CHECKS=@OLD_FOREIGN_KEY_CHECKS */;
/*!40014 SET UNIQUE_CHECKS=@OLD_UNIQUE_CHECKS */;
/*!40101 SET CHARACTER_SET_CLIENT=@OLD_CHARACTER_SET_CLIENT */;
/*!40101 SET CHARACTER_SET_RESULTS=@OLD_CHARACTER_SET_RESULTS */;
/*!40101 SET COLLATION_CONNECTION=@OLD_COLLATION_CONNECTION */;
/*!40111 SET SQL_NOTES=@OLD_SQL_NOTES */;

-- Dump completed on 2020-12-24 23:46:01
